Nome;Cargo;Salario;;;;;
Ana Souza;Cientista de Dados;12000;;;;;
Bruno Lima;Engenheiro de Dados;11500;;;;;
Carla Mendes;Analista de BI;10500;;;;;
Daniel Rocha;Engenheiro de Machine Learning;13000;;;;;
Elisa Martins;Analista de Dados;9800;;;;;
Felipe Andrade;Arquiteto de Dados;13500;;;;;
Gabriela Torres;Engenheira de Dados;11800;;;;;
Henrique Silva;Cientista de Dados JÃºnior;10200;;;;;
Isabela Ferreira;Analista de BI Pleno;10800;;;;;
JoÃ£o Pedro Ramos;Engenheiro de Dados SÃªnior;14000;;;;;
Karina Oliveira;Especialista em Big Data;12500;;;;;
Lucas Almeida;Analista de Dados JÃºnior;9700;;;;;
Mariana Costa;Cientista de Dados Pleno;11000;;;;;
Nelson Barros;Engenheiro de Dados JÃºnior;10100;;;;;
Olivia Nascimento;Analista de BI SÃªnior;10900;;;;;
Paulo Henrique;Arquiteto de SoluÃ§Ãµes de Dados;13200;;;;;
QuÃ©sia Duarte;Cientista de Dados SÃªnior;14500;;;;;
Rafael Teixeira;Engenheiro de Dados Pleno;11900;;;;;
Sabrina Lopes;Analista de Dados Pleno;9900;;;;;
Tiago Moreira;Especialista em Dados;12700;;;;;
